{"graph": {"_type": "graph-file", "path": "media/graph/graph_summary_899ff9c2.graph.json", "sha256": "899ff9c277adbc3db2ace782a432ebcdf98f76be1b7775cf1c4a4a98cc4f92a6", "size": 1600}, "loss": 95.57640222351746, "_runtime": 4.786013841629028, "_timestamp": 1583423121.746345, "epoch": 4, "val_loss": 192.90363832204432, "_step": 4, "best_val_loss": 192.90363832204432, "best_epoch": 4}
