model_size,n_epochs,dataset_percent,maskared_percent,n_windows,time,first_train_loss,first_mse,first_rmse,first_mae,first_smape,last_train_loss,last_mse,last_rmse,last_mae,last_smape,windows,best_epochs
small,5,0.25,0.25,1,11.822627067565918,0.05545736107576106,0.0018097824296424805,,0.022393247394177775,0.20917028325201625,0.007537021584409688,0.01186051271610452,,0.05162953799733749,0.4751140557348262,[8],[-1]
